{
  "model_config": {
    "n_estimators": 200,
    "max_depth": 10,
    "features": 216,
    "samples": 2179
  },
  "training_results": {
    "train": {
      "r2": 0.6971069424858429,
      "rmse": 0.005717208665980422,
      "mae": 0.0042158640653894896,
      "mse": 3.2686474930361645e-05
    },
    "validation": {
      "r2": -0.08647217287704079,
      "rmse": 0.008424687310835958,
      "mae": 0.005734098938639819,
      "mse": 7.097535628536039e-05
    }
  },
  "evaluation_results": {
    "r2_scores": [
      0.012796006682986527,
      -0.013721464317784982,
      0.14474718409421816,
      -0.12389773299762741,
      -3.132615847565276
    ],
    "rmse_scores": [
      0.007577095545901007,
      0.009189737480604676,
      0.007613460453027294,
      0.008582240525853858,
      0.006784962748020012
    ],
    "mae_scores": [
      0.00580471348309415,
      0.0070189739043908985,
      0.005668103072062033,
      0.005904940728772765,
      0.005922588999697801
    ],
    "avg_r2": -0.6225383708206967,
    "avg_rmse": 0.007949499350681368,
    "avg_mae": 0.006063864037603529,
    "std_r2": 1.257948039039124,
    "std_rmse": 0.0008421762579369992,
    "std_mae": 0.0004860526440229341
  },
  "predictions": {
    "predictions": "[ 1.53421082e-03  1.56433644e-03  1.72003366e-03  2.92687779e-03\n  1.37493810e-03  2.43615511e-03  1.96758038e-03  1.55200509e-03\n  7.26525945e-04  2.06176242e-03  1.74268646e-03  3.58137430e-03\n  2.68042111e-03  1.01175417e-03  8.93830635e-04  8.35439616e-04\n  1.23297667e-03  1.40113809e-03  1.44120350e-03  1.33371847e-03\n  1.19355092e-03  1.06912370e-03  1.15040561e-03  1.10105308e-03\n  1.21746019e-03  1.23209883e-03  7.59379750e-04  6.54512975e-04\n  1.02294399e-03  1.05926379e-03  1.61158059e-03  2.29953726e-03\n  2.66291512e-03  2.82662963e-03  1.46630483e-03  1.52223861e-03\n  1.13858054e-03  1.57459306e-03  1.57886717e-03  1.09963959e-03\n  6.15529955e-04  7.31720275e-04  4.97724092e-04  8.05171229e-04\n  5.70789072e-04  1.17456794e-03  9.33072365e-04  4.29513129e-04\n -1.06505538e-03 -1.08114865e-03 -1.11557219e-03 -1.04839412e-03\n -9.79510079e-04 -1.04935075e-03 -1.33464772e-04  3.17619574e-03\n  3.41674276e-03  3.54452831e-03  5.79026707e-03  5.48384241e-03\n  5.02393445e-03  4.77877268e-03  5.07261531e-03  6.05816214e-03\n  5.67204285e-03  5.82396272e-03  5.40607667e-03  5.45986208e-03\n  4.74620398e-03  4.82306049e-03  5.09221521e-03  4.56126917e-03\n  4.98497226e-03  4.63098568e-03  4.36158550e-03  3.80291325e-03\n  3.49021710e-03  3.08282958e-03  3.12540751e-03  2.06558295e-03\n  1.82435840e-03  1.80010567e-03  2.96095414e-03  3.66281951e-03\n  4.26725512e-03  3.31054140e-03  7.24976727e-03  6.69100651e-03\n  6.32150744e-03  5.47985270e-03  6.37152523e-03  6.35164057e-03\n  7.04224606e-03  5.05601170e-03  4.88664535e-03  5.04071214e-03\n  6.14923952e-03  5.82259587e-03  6.99778395e-03  6.26048105e-03\n  5.64203310e-03  5.77212657e-03  8.48531774e-03  9.95072841e-03\n  1.11414759e-02  1.02807613e-02  1.03953239e-02  1.02966048e-02\n  1.10496517e-02  1.03948382e-02  7.46325170e-03  6.23714739e-03\n  7.31021293e-03  6.72627359e-03  5.73721548e-03  5.27798752e-03\n  5.46197929e-03  5.47719948e-03  4.55272370e-03  4.27997938e-03\n  4.51825931e-03  4.39344698e-03  4.14625631e-03  4.31966357e-03\n  4.52758296e-03  4.18430181e-03  2.18810452e-03  2.23394857e-03\n  1.98541061e-03  3.23689146e-03  1.46253388e-03  1.92415201e-03\n  1.24401905e-03  2.05073254e-03  2.00477697e-03  1.83358307e-03\n  3.21415886e-03  2.64237549e-03  2.63020099e-03  2.93537128e-03\n  2.58320896e-03  3.31595743e-03  2.11209661e-03  2.35238198e-03\n  2.85893807e-03  2.33812180e-03  2.34261249e-03  2.04156064e-03\n  1.78745946e-03  2.46005465e-03  2.49940101e-03  1.52694606e-03\n  1.67011618e-03  1.48334439e-03  1.21124952e-03  1.07147460e-03\n  1.05063124e-03  7.55323743e-04  6.15925595e-04  7.50625634e-04\n  9.14353267e-04  9.08492369e-04  8.59825096e-04  6.13239181e-04\n  6.32137106e-04  1.26871765e-03  1.42404971e-03  8.99719610e-04\n  3.93113025e-04  1.08506855e-03  1.54719444e-03  1.30865412e-03\n  1.29722330e-03  1.53305051e-03  6.58795331e-04  1.31504476e-03\n  2.99358527e-03  2.77510072e-03  2.27048496e-03  3.06428685e-03\n  1.74471730e-03  1.37274408e-03  1.67360888e-03  2.73772939e-03\n  2.23348523e-03  1.84136753e-03  1.76049228e-03  2.51141342e-03\n  3.15201121e-03  3.19943384e-03  3.26573238e-03  2.99591742e-03\n  2.87949828e-03  3.04622614e-03  3.08482214e-03  2.98720162e-03\n  3.15064580e-03  3.58743306e-03  4.71628174e-03  4.22096343e-03\n  3.95163692e-03  4.89099154e-03  4.99069537e-03  4.79578152e-03\n  4.41442978e-03  4.14044640e-03  5.56054246e-03  5.43440444e-03\n  4.97972976e-03  4.91951273e-03  4.56674465e-03  3.93802516e-03\n  3.77761693e-03  3.22496483e-03  3.46403939e-03  3.29150644e-03\n  2.93503530e-03  3.38556492e-03  3.41431153e-03  3.25259473e-03\n  3.19432818e-03  2.77230603e-03  3.13784982e-03  2.97788456e-03\n  2.29476066e-03  2.00947018e-03  3.81904966e-03  3.63650540e-03\n  3.15471717e-03  2.54184666e-03  2.45477471e-03  2.29871578e-03\n  2.37257707e-03  2.10945307e-03  2.22193855e-03  2.07971513e-03\n  2.35343877e-03  2.31104086e-03  1.34078134e-03  8.69480322e-04\n  4.94297106e-04  1.17581397e-03  9.11292882e-04  1.30477339e-03\n  1.32309783e-03  1.08056998e-03  1.26066273e-03  9.52723167e-04\n  5.59596901e-04  1.27523924e-03  1.43822190e-03  1.73234747e-03\n  1.55494089e-03  1.74233087e-03  1.72136902e-03  1.65353902e-03\n  1.73562465e-03  1.53435823e-03  1.78005778e-03  1.76007956e-03\n  1.73232131e-03  1.75858986e-03  1.74237203e-03  1.58716935e-03\n  1.57920938e-03  1.25895648e-03  9.89406785e-04  1.01684292e-03\n  7.00829618e-04  6.34870146e-04  8.92870542e-04  1.38779920e-03\n  1.29986349e-03  9.24470761e-04  8.06529365e-04  5.31376265e-04\n  1.12431489e-03  1.74645035e-03  1.72120953e-03  1.62334393e-03\n  1.95563377e-03  2.43215994e-03  2.56109216e-03  2.31376627e-03\n  2.32778041e-03  2.17413865e-03  2.67987231e-03  3.41561648e-03\n  2.64865726e-03  3.39416752e-03  3.58362088e-03  3.89721258e-03\n  4.06300049e-03  4.33934488e-03  3.96607049e-03  4.23773999e-03\n  3.66164293e-03  3.92942437e-03  4.01981062e-03  4.45484199e-03\n  3.83944007e-03  4.13589148e-03  4.74143606e-03  4.54527600e-03\n  4.65736022e-03  4.02624733e-03  3.92306975e-03  4.59531750e-03\n  4.75792777e-03  5.11525259e-03  5.33235711e-03  5.03518639e-03\n  4.99072279e-03  5.37326924e-03  5.34881884e-03  5.42148955e-03\n  5.47240666e-03  5.89456044e-03  5.15572415e-03  5.53604190e-03\n  5.41570958e-03  5.22992992e-03  4.79789408e-03  5.90801466e-03\n  6.33074764e-03  4.69802321e-03  4.91543112e-03  5.01063633e-03\n  4.55845123e-03  4.73648763e-03  4.16296805e-03  3.23572621e-03\n  2.68729965e-03  2.31470391e-03  1.94251211e-03  2.45388731e-03\n  2.40328626e-03  1.80096204e-03  1.70690087e-03  1.83949630e-03\n  2.16638149e-03  3.03648424e-03  2.77862463e-03  2.56134817e-03\n  2.37675644e-03  2.95466995e-03  1.47136731e-03  1.31235359e-03\n  1.36213663e-03  1.31718183e-03  1.38631297e-03  1.98430593e-03\n  1.94881094e-03  1.86143583e-03  1.83055852e-03  2.26426810e-03\n  2.26707355e-03  1.55984526e-03  1.91931881e-03  2.03677710e-03\n  2.10494188e-03  1.51311843e-03  5.09406226e-04 -8.17149926e-04\n -2.11287273e-03 -2.18884352e-03 -2.56481804e-03 -3.19356168e-03\n -2.65968009e-03 -3.40904064e-03 -3.24994966e-03 -3.23412315e-03\n -3.92998125e-03 -4.50935820e-03 -4.38779547e-03 -5.08710894e-03\n -5.03445076e-03 -5.08091143e-03 -5.04504384e-03 -5.06456432e-03\n -5.36576368e-03 -5.16983305e-03 -4.56162392e-03 -3.98256201e-03\n -7.39281704e-04 -9.33264201e-05 -2.25354423e-03 -2.72495814e-03\n -1.31548475e-03 -1.25795816e-03  2.46489766e-03  3.30473740e-03\n  4.15033569e-03  4.96338157e-03  5.14558695e-03  5.64523137e-03\n  5.34954007e-03  4.78849466e-03  4.66722907e-03  3.66201045e-03\n  3.68153340e-03  3.51598740e-03  3.25283552e-03  2.94937258e-03\n  2.94937848e-03  2.37429054e-03  2.40430901e-03  1.99520791e-03\n  